{
    "IMAGE_INFO": {
        "FILE_NAME": "561208@0_07001_220822_P1_T3__0275.jpg",
        "DATE": "2022-09-19 11:50:04",
        "RESOLUTION": "1920 x 1080",
        "IMAGE_PHOTOGRAPHER": "조성열",
        "FOCUS_DISTANCE": "5.0",
        "EXPOSURE_TIME": "1/320",
        "SENSITIVITY_ISO": "12800",
        "PLACE": "백광자원",
        "REGION_NAME": null,
        "Direction": "0",
        "HEIGHT": "90",
        "DAY/NIGHT": "주간",
        "WEATHER": "맑음",
        "IMAGE_HEIGHT": 1080,
        "IMAGE_WIDTH": 1920,
        "IMAGE_SIZE": "500.9 KB"
    },
    "ANNOTATION_INFO": [
        {
            "ID": "1",
            "CLASS": "유리병",
            "DETAILS": "갈색",
            "DAMAGE": "원형",
            "DIRTINESS": "이물질(외부)",
            "COVER": "없음",
            "TRANSPARENCY": "불투명",
            "SHAPE": "유리병형",
            "SHAPE_TYPE": "BOX",
            "POINTS": [
                [
                    484.84300315457403,
                    185.10757097791796,
                    103.87623974763426,
                    292.1791798107257
                ]
            ]
        },
        {
            "ID": "2",
            "CLASS": "유리병",
            "DETAILS": "갈색",
            "DAMAGE": "원형",
            "DIRTINESS": "이물질(외부)",
            "COVER": "없음",
            "TRANSPARENCY": "불투명",
            "SHAPE": "유리병형",
            "SHAPE_TYPE": "BOX",
            "POINTS": [
                [
                    132.03707962145103,
                    177.93620744479472,
                    185.8782889589906,
                    390.83969413249235
                ]
            ]
        },
        {
            "ID": "3",
            "CLASS": "유리병",
            "DETAILS": "갈색",
            "DAMAGE": "원형",
            "DIRTINESS": "이물질(외부)",
            "COVER": "없음",
            "TRANSPARENCY": "불투명",
            "SHAPE": "유리병형",
            "SHAPE_TYPE": "BOX",
            "POINTS": [
                [
                    251.89606561514188,
                    0.0611205047317018,
                    462.0945427381705,
                    116.99726536277609
                ]
            ]
        },
        {
            "ID": "4",
            "CLASS": "유리병",
            "DETAILS": "갈색",
            "DAMAGE": "원형",
            "DIRTINESS": "이물질(외부)",
            "COVER": "없음",
            "TRANSPARENCY": "불투명",
            "SHAPE": "기타 형태",
            "SHAPE_TYPE": "BOX",
            "POINTS": [
                [
                    573.8873510333385,
                    453.95214132755024,
                    181.92840980651226,
                    239.18874596075312
                ]
            ]
        }
    ]
}