{
    "IMAGE_INFO": {
        "FILE_NAME": "561223@0_07001_220822_P1_T3__0208.jpg",
        "DATE": "2022-09-19 11:49:57",
        "RESOLUTION": "1920 x 1080",
        "IMAGE_PHOTOGRAPHER": "조성열",
        "FOCUS_DISTANCE": "5.0",
        "EXPOSURE_TIME": "1/320",
        "SENSITIVITY_ISO": "12800",
        "PLACE": "백광자원",
        "REGION_NAME": null,
        "Direction": "0",
        "HEIGHT": "90",
        "DAY/NIGHT": "주간",
        "WEATHER": "맑음",
        "IMAGE_HEIGHT": 1080,
        "IMAGE_WIDTH": 1920,
        "IMAGE_SIZE": "512.6 KB"
    },
    "ANNOTATION_INFO": [
        {
            "ID": "1",
            "CLASS": "유리병",
            "DETAILS": "갈색",
            "DAMAGE": "원형",
            "DIRTINESS": "이물질(외부)",
            "COVER": "없음",
            "TRANSPARENCY": "불투명",
            "SHAPE": "유리병형",
            "SHAPE_TYPE": "BOX",
            "POINTS": [
                [
                    554.8447737539431,
                    136.06943848580437,
                    416.6352999369086,
                    343.56324946372246
                ]
            ]
        },
        {
            "ID": "2",
            "CLASS": "유리병",
            "DETAILS": "갈색",
            "DAMAGE": "원형",
            "DIRTINESS": "이물질(외부)",
            "COVER": "없음",
            "TRANSPARENCY": "불투명",
            "SHAPE": "유리병형",
            "SHAPE_TYPE": "BOX",
            "POINTS": [
                [
                    365.0195583596211,
                    717.4845500812912,
                    707.5228522400997,
                    362.5154499187088
                ]
            ]
        }
    ]
}