{
    "IMAGE_INFO": {
        "FILE_NAME": "561243@0_07001_220822_P1_T3__0212.jpg",
        "DATE": "2022-09-19 11:49:58",
        "RESOLUTION": "1920 x 1080",
        "IMAGE_PHOTOGRAPHER": "조성열",
        "FOCUS_DISTANCE": "5.0",
        "EXPOSURE_TIME": "1/320",
        "SENSITIVITY_ISO": "12800",
        "PLACE": "백광자원",
        "REGION_NAME": null,
        "Direction": "0",
        "HEIGHT": "90",
        "DAY/NIGHT": "주간",
        "WEATHER": "맑음",
        "IMAGE_HEIGHT": 1080,
        "IMAGE_WIDTH": 1920,
        "IMAGE_SIZE": "525.2 KB"
    },
    "ANNOTATION_INFO": [
        {
            "ID": "1",
            "CLASS": "유리병",
            "DETAILS": "갈색",
            "DAMAGE": "원형",
            "DIRTINESS": "이물질(외부)",
            "COVER": "없음",
            "TRANSPARENCY": "불투명",
            "SHAPE": "유리병형",
            "SHAPE_TYPE": "BOX",
            "POINTS": [
                [
                    541.3218927444793,
                    1.4189905362775272,
                    187.51798107255513,
                    561.4852267851105
                ]
            ]
        },
        {
            "ID": "2",
            "CLASS": "유리병",
            "DETAILS": "갈색",
            "DAMAGE": "원형",
            "DIRTINESS": "이물질(외부)",
            "COVER": "없음",
            "TRANSPARENCY": "불투명",
            "SHAPE": "유리병형",
            "SHAPE_TYPE": "BOX",
            "POINTS": [
                [
                    403.63807369287053,
                    715.0863484164036,
                    316.23361894318,
                    364.91365158359645
                ]
            ]
        }
    ]
}