{
    "IMAGE_INFO": {
        "FILE_NAME": "561201@0_07001_220822_P1_T3__0321.jpg",
        "DATE": "2022-09-19 11:50:09",
        "RESOLUTION": "1920 x 1080",
        "IMAGE_PHOTOGRAPHER": "조성열",
        "FOCUS_DISTANCE": "5.0",
        "EXPOSURE_TIME": "1/320",
        "SENSITIVITY_ISO": "12800",
        "PLACE": "백광자원",
        "REGION_NAME": null,
        "Direction": "0",
        "HEIGHT": "90",
        "DAY/NIGHT": "주간",
        "WEATHER": "맑음",
        "IMAGE_HEIGHT": 1080,
        "IMAGE_WIDTH": 1920,
        "IMAGE_SIZE": "524.7 KB"
    },
    "ANNOTATION_INFO": [
        {
            "ID": "1",
            "CLASS": "유리병",
            "DETAILS": "갈색",
            "DAMAGE": "원형",
            "DIRTINESS": "이물질(외부)",
            "COVER": "없음",
            "TRANSPARENCY": "불투명",
            "SHAPE": "유리병형",
            "SHAPE_TYPE": "BOX",
            "POINTS": [
                [
                    806.4227129337539,
                    472.58517350157734,
                    394.65993690851747,
                    349.9608832807572
                ]
            ]
        },
        {
            "ID": "2",
            "CLASS": "유리병",
            "DETAILS": "갈색",
            "DAMAGE": "원형",
            "DIRTINESS": "이물질(외부)",
            "COVER": "없음",
            "TRANSPARENCY": "불투명",
            "SHAPE": "유리병형",
            "SHAPE_TYPE": "BOX",
            "POINTS": [
                [
                    1082.384858044164,
                    655.4015772870661,
                    307.44227129337537,
                    378.3066246056786
                ]
            ]
        },
        {
            "ID": "3",
            "CLASS": "유리병",
            "DETAILS": "갈색",
            "DAMAGE": "원형",
            "DIRTINESS": "이물질(외부)",
            "COVER": "없음",
            "TRANSPARENCY": "불투명",
            "SHAPE": "유리병형",
            "SHAPE_TYPE": "BOX",
            "POINTS": [
                [
                    858.8895899053629,
                    758.7681388012617,
                    261.65299684542595,
                    318.88958990536287
                ]
            ]
        }
    ]
}