{
    "IMAGE_INFO": {
        "FILE_NAME": "561303@0_07001_220822_P1_T3__0274.jpg",
        "DATE": "2022-09-19 11:50:04",
        "RESOLUTION": "1920 x 1080",
        "IMAGE_PHOTOGRAPHER": "조성열",
        "FOCUS_DISTANCE": "5.0",
        "EXPOSURE_TIME": "1/320",
        "SENSITIVITY_ISO": "12800",
        "PLACE": "백광자원",
        "REGION_NAME": null,
        "Direction": "0",
        "HEIGHT": "90",
        "DAY/NIGHT": "주간",
        "WEATHER": "맑음",
        "IMAGE_HEIGHT": 1080,
        "IMAGE_WIDTH": 1920,
        "IMAGE_SIZE": "493.6 KB"
    },
    "ANNOTATION_INFO": [
        {
            "ID": "1",
            "CLASS": "유리병",
            "DETAILS": "갈색",
            "DAMAGE": "원형",
            "DIRTINESS": "이물질(외부)",
            "COVER": "없음",
            "TRANSPARENCY": "불투명",
            "SHAPE": "유리병형",
            "SHAPE_TYPE": "BOX",
            "POINTS": [
                [
                    264.03785488958994,
                    621.1441658952682,
                    465.04731861198746,
                    206.41532802018924
                ]
            ]
        },
        {
            "ID": "2",
            "CLASS": "유리병",
            "DETAILS": "갈색",
            "DAMAGE": "원형",
            "DIRTINESS": "이물질(외부)",
            "COVER": "없음",
            "TRANSPARENCY": "불투명",
            "SHAPE": "유리병형",
            "SHAPE_TYPE": "BOX",
            "POINTS": [
                [
                    432.21905403994407,
                    0,
                    295.3185510073744,
                    318.2633261829653
                ]
            ]
        },
        {
            "ID": "3",
            "CLASS": "유리병",
            "DETAILS": "갈색",
            "DAMAGE": "원형",
            "DIRTINESS": "이물질(외부)",
            "COVER": "없음",
            "TRANSPARENCY": "불투명",
            "SHAPE": "유리병형",
            "SHAPE_TYPE": "BOX",
            "POINTS": [
                [
                    502.07889282018925,
                    882.9128046435334,
                    100.11980977665598,
                    197.08719535646662
                ]
            ]
        }
    ]
}