{
    "IMAGE_INFO": {
        "FILE_NAME": "561324@0_07001_220822_P1_T3__0346.jpg",
        "DATE": "2022-09-19 11:50:12",
        "RESOLUTION": "1920 x 1080",
        "IMAGE_PHOTOGRAPHER": "조성열",
        "FOCUS_DISTANCE": "5.0",
        "EXPOSURE_TIME": "1/320",
        "SENSITIVITY_ISO": "12800",
        "PLACE": "백광자원",
        "REGION_NAME": null,
        "Direction": "0",
        "HEIGHT": "90",
        "DAY/NIGHT": "주간",
        "WEATHER": "맑음",
        "IMAGE_HEIGHT": 1080,
        "IMAGE_WIDTH": 1920,
        "IMAGE_SIZE": "517.6 KB"
    },
    "ANNOTATION_INFO": [
        {
            "ID": "2",
            "CLASS": "유리병",
            "DETAILS": "갈색",
            "DAMAGE": "원형",
            "DIRTINESS": "이물질(외부)",
            "COVER": "없음",
            "TRANSPARENCY": "불투명",
            "SHAPE": "유리병형",
            "SHAPE_TYPE": "POLYGON",
            "POINTS": [
                [
                    376.7441860465117,
                    1.295053348984829
                ],
                [
                    301.3953488372093,
                    128.4462161396825
                ],
                [
                    229.18604651162792,
                    348.21365800014763
                ],
                [
                    268.4302325581395,
                    378.03923939549645
                ],
                [
                    350.05813953488376,
                    396.876448697822
                ],
                [
                    439.5348837209303,
                    191.2369138141011
                ],
                [
                    445.8139534883721,
                    34.2601696280546
                ],
                [
                    470.9302325581395,
                    -0.2747140928756359
                ]
            ]
        },
        {
            "ID": "3",
            "CLASS": "유리병",
            "DETAILS": "갈색",
            "DAMAGE": "원형",
            "DIRTINESS": "이물질(외부)",
            "COVER": "없음",
            "TRANSPARENCY": "불투명",
            "SHAPE": "유리병형",
            "SHAPE_TYPE": "POLYGON",
            "POINTS": [
                [
                    802.1511627906976,
                    302.69040218619415
                ],
                [
                    1131.8023255813953,
                    429.8415649768918
                ],
                [
                    1167.906976744186,
                    436.12063474433364
                ],
                [
                    1219.7093023255813,
                    459.6671463722406
                ],
                [
                    1249.5348837209303,
                    396.876448697822
                ],
                [
                    1186.7441860465117,
                    363.9113324187523
                ],
                [
                    1172.6162790697674,
                    307.39970451177555
                ],
                [
                    868.0813953488372,
                    169.2601696280546
                ],
                [
                    813.139534883721,
                    235.19040218619415
                ],
                [
                    797.4418604651163,
                    276.0043556745662
                ]
            ]
        },
        {
            "ID": "4",
            "CLASS": "유리병",
            "DETAILS": "갈색",
            "DAMAGE": "원형",
            "DIRTINESS": "이물질(외부)",
            "COVER": "없음",
            "TRANSPARENCY": "불투명",
            "SHAPE": "유리병형",
            "SHAPE_TYPE": "POLYGON",
            "POINTS": [
                [
                    433.25581395348837,
                    572.6904021861941
                ],
                [
                    450.5232558139535,
                    613.5043556745662
                ],
                [
                    489.7674418604651,
                    655.8880766047988
                ],
                [
                    664.6671627906977,
                    563.3195184652639
                ],
                [
                    749.5400930232557,
                    508.66649520944986
                ],
                [
                    827.2674418604652,
                    450.24854172107786
                ],
                [
                    756.6279069767442,
                    338.7950533489848
                ],
                [
                    514.8837209302326,
                    491.06249520944993
                ],
                [
                    439.5348837209303,
                    527.1671463722406
                ]
            ]
        },
        {
            "ID": "5",
            "CLASS": "유리병",
            "DETAILS": "갈색",
            "DAMAGE": "원형",
            "DIRTINESS": "이물질(외부)",
            "COVER": "없음",
            "TRANSPARENCY": "불투명",
            "SHAPE": "유리병형",
            "SHAPE_TYPE": "POLYGON",
            "POINTS": [
                [
                    439.8768175446919,
                    714.0368111845346
                ],
                [
                    460.3559457634826,
                    749.2609117208544
                ],
                [
                    503.771697587319,
                    741.0692604333382
                ],
                [
                    692.998842328945,
                    669.8018942319467
                ],
                [
                    699.5521633589581,
                    656.6952521719206
                ],
                [
                    685.6263561701803,
                    611.6411700905811
                ],
                [
                    671.7005489814027,
                    599.3536931593067
                ],
                [
                    650.4022556338604,
                    598.534528030555
                ],
                [
                    619.2739807412985,
                    604.2686839318163
                ],
                [
                    541.4532935098938,
                    632.1202983093717
                ],
                [
                    471.0050924372538,
                    667.3443988456918
                ],
                [
                    440.5570522676072,
                    684.2808017156573
                ],
                [
                    437.87281197371397,
                    701.728363625964
                ]
            ]
        },
        {
            "ID": "6",
            "CLASS": "유리병",
            "DETAILS": "갈색",
            "DAMAGE": "원형",
            "DIRTINESS": "이물질(외부)",
            "COVER": "없음",
            "TRANSPARENCY": "불투명",
            "SHAPE": "유리병형",
            "SHAPE_TYPE": "POLYGON",
            "POINTS": [
                [
                    885.9767441860466,
                    490.62296032572885
                ],
                [
                    767.4279069767443,
                    496.65086730247305
                ],
                [
                    759.3906976744188,
                    535.8322626513103
                ],
                [
                    795.5581395348839,
                    719.683425442008
                ],
                [
                    792.5441860465119,
                    806.083425442008
                ],
                [
                    803.143271888372,
                    888.0553732001475
                ],
                [
                    820.0314418604652,
                    927.1648194513102
                ],
                [
                    821.8091439627908,
                    944.9418404745661
                ],
                [
                    825.364548167442,
                    960.0523083443336
                ],
                [
                    842.252718139535,
                    972.4962230606128
                ],
                [
                    868.029398623256,
                    974.2739251629382
                ],
                [
                    898.2503343627907,
                    961.8300104466591
                ],
                [
                    918.6939085395351,
                    946.7195425768919
                ],
                [
                    918.6939085395351,
                    907.6100963257289
                ],
                [
                    900.9168875162792,
                    843.612820642008
                ],
                [
                    897.361483311628,
                    783.1709491629383
                ],
                [
                    892.9172280558141,
                    751.1723113210778
                ],
                [
                    884.9175685953489,
                    709.3963119164266
                ],
                [
                    892.9172280558141,
                    518.2933359164265
                ],
                [
                    890.2506749023256,
                    493.40550648386835
                ]
            ]
        }
    ]
}